"","term","estimate","std.error","statistic","p.value"
"1","(Intercept)",0.000626961574321077,0.0597015721780454,0.0105015923609401,0.991629572582506
"2","Violence1",-0.0192220034487069,0.0597015721780455,-0.321968128266068,0.747749162039105
"3","Difficulty1",-0.0306880914478201,0.0597015721780453,-0.514024846050961,0.607694176177766
"4","Violence1:Difficulty1",-0.0358190867526887,0.0597015721780454,-0.599968902759663,0.549076973664684
